program,run_by,kind,opens,closes,rolling,amount,who_can_apply,location,usual_window,link,about,last_checked,notes
Imagine H2O 2027 cohort,Imagine H2O,Accelerator,2026-10-12,2026-11-20,,,Any company,Global,Opens in October and closes in November,https://www.imagineh2o.org/apply,Global water accelerator for startups with a product in the market or close to it. No equity taken.,2026-10-08,
BREW 2.0,The Water Council,Accelerator,,2026-11-13,,,Any company,"Milwaukee, WI",Closes in mid-November,https://thewatercouncil.com/,Milwaukee water technology accelerator. Non-dilutive.,2026-10-08,Open date not checked
NSF SBIR/STTR Phase I,National Science Foundation,Grant,,2026-11-04,,,Small businesses,National,"Deadlines in March, July and November",https://seedfund.nsf.gov/,"NSF's startup research grants for water, sensors, AI and other deep tech. Needs an approved Project Pitch first; pitches are accepted all year.",2026-10-08,Next deadline 2027-03-04
EPA SBIR Phase I,Environmental Protection Agency,Grant,,2026-11-08,,,Small businesses,National,Once a year in the fall,https://www.epa.gov/sbir,"EPA's startup research awards, about 10 environmental topics including water. Posted on SAM.gov as a contract solicitation.",2026-10-08,
Illinois SBIR/STTR match,Illinois DCEO,Grant,,2027-06-30,,"Up to $75K on a Phase I, $250K on a Phase II",Illinois small businesses,Illinois,Open until 2027-06-30 or until funds run out,https://omb.illinois.gov/public/gata/csfa/Program.aspx?csfa=2382,State match for Illinois companies that win a federal SBIR or STTR award. Fits water companies based in Illinois.,2026-10-08,
Great Lakes Protection Fund,Great Lakes Protection Fund,Grant,,,yes,,Any company,Great Lakes region,Rolling,https://glpf.org/,"Funds projects that improve the health of the Great Lakes, and says companies may apply.",2026-10-08,
Water Council Tech Challenge,The Water Council,Prize,,,,Up to $10K,Any company,,Twice a year,https://thewatercouncil.com/,Challenges posed by water utilities and companies; winners get a cash award and a pilot conversation.,2026-10-08,Fall 2026 round closed 2026-10-02
Techstars Founder Catalyst WaterTech,Techstars,Accelerator,,,,,Any company,,Spring and summer windows,https://www.techstars.com/,Water technology program run by Techstars. No equity taken.,2026-10-08,
Cleantech Open,Cleantech Open,Accelerator,,,,,Any company,National,February to April,https://www.cleantechopen.org/,National accelerator for clean technology startups. $80 to apply.,2026-10-08,
Google Water Replenishment RFI,Google,Pilot,,,,$350K to $6M projects,Any company,,Around March to April,https://datacenters.google/water-rfi/,Google buys water replenishment and water quality projects near its data centers.,2026-10-08,
WEF UpLink water challenges,World Economic Forum UpLink,Prize,,,,,Any company,Global,1 to 3 a year,https://uplink.weforum.org/,"Open innovation challenges, often on water and oceans.",2026-10-08,
AWWA ACE and WEFTEC innovation showcases,AWWA and WEF,Pitch competition,,,,,Any company,National,June (ACE) and fall (WEFTEC),https://www.awwa.org/,Utility conference showcases where startups pitch to water utility buyers.,2026-10-08,
Wisconsin SBIR Advance,Wisconsin Economic Development Corporation,Grant,,,,,Wisconsin small businesses,Wisconsin,Around mid-October,https://wedc.org/,Helps Wisconsin companies that won an SBIR or STTR award commercialize it.,2026-10-08,Dates from a third-party page; not verified
DOE American-Made prizes,Department of Energy,Prize,,,,,Any company,National,Several a year,https://americanmadechallenges.org/,"DOE prize competitions, some on water and energy-water.",2026-10-08,
Nicor Gas Illinois Innovator Award,Evergreen Climate Innovations + Nicor Gas,Grant,,2026-11-30,,$25K grant + 12 months mentorship,"Illinois pre-seed/seed startups, 2-12 staff, up to $3M raised",Illinois,Closes end of November,https://evergreeninno.org/start-up-opportunities/award/nicor-gas-illinois-innovator-award,Non-dilutive award for Illinois climate startups. Water is a listed sector. Apply by online form.,2026-10-08,Fits CRIO Systems
InnovateMass,MassCEC,Grant,,2026-10-20,,Up to $350K,Massachusetts climate tech companies,Massachusetts,Once a year in the fall,https://www.masscec.com/program/innovatemass,State grant to demo a climate tech product with a real customer or site partner.,2026-10-08,Fits Nature Dots
Climatetech Testing & Demonstration Assets,MassCEC,Grant,,2026-11-13,,$1M-$5M,Groups building shared test or demo sites in Massachusetts,Massachusetts,"Concept paper in September, full application in November",https://www.masscec.com/program/climatetech-testing-and-demonstration-assets,Funds test beds and demo sites that startups can use. Better as a partner than a lead applicant.,2026-10-08,Concept paper was due 2026-09-25; full application likely needs one. Fits Nature Dots
