source,source_id,title,funder,funder_code,listing_type,status,post_date,close_date,award_floor,award_ceiling,total_funding,eligibility,topics,location,link,summary,first_seen,last_seen
grants.gov,362629,F26AS00062: Great Lakes Fish and Wildlife Restoration Act FY 2026,Fish and Wildlife Service,DOI-FWS,Cooperative agreement; Grant,posted,2026-06-01,2026-10-13,2000,500000,3500000,State governments; County governments; City or township governments; Special district governments; Independent school districts; Public and state controlled institutions of higher education; Native American tribal governments (federally recognized); Native American tribal organizations (other than federally recognized); Nonprofits with 501(c)(3) status; Nonprofits without 501(c)(3) status; Private institutions of higher education; Individuals; Small businesses; Others (see listing); Unrestricted,Natural Resources,National,https://www.grants.gov/search-results-detail/362629,"The U.S. Fish and Wildlife Service (Service) requests interested entities to submit research, restoration, and Regional Project proposals for the restoration of the Great Lakes Basin fish and wildlife resources, as authorized under the Great Lakes Fish and Wildlife Restoration Act (16U.S.C. 941c). The purpose of the Great Lakes Fish and Wildlife Restoration Act (GLFWRA) is to provide assistance to States, Indian Tribes, and other interested entities to encourage cooperative conservation, restoration, research, and management of the fish and wildlife resources and their habitats in the Great La",2026-10-06,2026-10-06
grants.gov,363714,FY2026 Implementation of the Quagga and Zebra Mussel Action Plan (QZAP) in the Western United States,Fish and Wildlife Service,DOI-FWS,Grant; Other,posted,2026-08-25,2026-10-24,50000,600000,1950000,Unrestricted,Environment,National,https://www.grants.gov/search-results-detail/363714,"Quagga and Zebra Mussels are aquatic invasive species that are rapidly expanding their range in the Western United States. Popular recreational reservoirs on or connected to the lower Colorado River are one major source of invasive mussels, which are easily transported via trailered watercraft to areas that have not yet been invaded. This funding opportunity will fund projects in the listed principal areas towards the fulfillment of the top priorities in the Quagga/Zebra Mussel Action Plan for Western U.S. Waters (QZAP 2.0) and will be limited to states within the boundaries of the Western Reg",2026-10-06,2026-10-06
grants.gov,363728,Exploring and Enhancing Outdoor and Heritage Tourism in the Chesapeake Bay Watershed,National Park Service,DOI-NPS,Grant,posted,2026-08-27,2026-11-04,10000,50000,1000000,State governments; County governments; City or township governments; Special district governments; Independent school districts; Public and state controlled institutions of higher education; Native American tribal governments (federally recognized); Public housing authorities; Native American tribal organizations (other than federally recognized); Nonprofits with 501(c)(3) status; Nonprofits without 501(c)(3) status; Private institutions of higher education; For-profit organizations other than small businesses; Small businesses,Community Development,National,https://www.grants.gov/search-results-detail/363728,"Goal: Encourage outdoor recreation and natural, historical, and cultural tourism that expands access to and awareness of the Chesapeake Bay watershed and fosters economic development of communities.ObjectivesNPS Chesapeake Gateways is offering this competitive grant opportunity to strengthen a community&apos;s ability to offer or enhance outdoor recreation and natural, historical, and cultural tourism that connects visitors and residents to the Chesapeake Bay watershed as detailed in the Chesapeake Bay Initiative Act of 1998.Through this grant opportunity, NPS Chesapeake Gateways will:Enhance ",2026-10-06,2026-10-06
grants.gov,363920,Easement Restoration and Stewardship,Natural Resources Conservation Service,USDA-NRCS,Cooperative agreement,posted,2026-09-25,2026-11-19,250000,5000000,,State governments; County governments; City or township governments; Special district governments; Public and state controlled institutions of higher education; Native American tribal governments (federally recognized); Native American tribal organizations (other than federally recognized); Nonprofits with 501(c)(3) status; Nonprofits without 501(c)(3) status; Private institutions of higher education; For-profit organizations other than small businesses; Small businesses,Agriculture; Environment; Natural Resources,National,https://www.grants.gov/search-results-detail/363920,"The opportunities associated with this NOFO are for lands protected through the Wetland Reserve Easements (WRE) component of the Agricultural Conservation Easement Program (ACEP) and the Floodplain Easement (FPE) component of the Emergency Watershed Protection Program (EWPP). The types of work available through this opportunity fall into three primary categories: 1) restoration of wetland and floodplain easements; 2) stewardship of wetland and floodplain easements, and 3) onsite and offsite assessment of easement conditions. Component 1) Wetland and Floodplain Easement Restoration. Awardees wi",2026-10-06,2026-10-06
grants.gov,363929,John H. Prescott Marine Mammal Rescue Assistance Grant,DOC NOAA - ERA Production,DOC-DOCNOAAERA,Cooperative agreement; Grant,posted,2026-09-23,2026-12-01,1,150000,,State governments; County governments; City or township governments; Special district governments; Public and state controlled institutions of higher education; Native American tribal governments (federally recognized); Native American tribal organizations (other than federally recognized); Nonprofits with 501(c)(3) status; Nonprofits without 501(c)(3) status; Private institutions of higher education; Individuals; For-profit organizations other than small businesses; Small businesses; Others (see listing),Natural Resources; Science and Technology,National,https://www.grants.gov/search-results-detail/363929,"NOAA/National Marine Fisheries Service&#8217;s (NMFS) Marine Mammal Health and Stranding Response Program (MMHSRP) is authorized under the Marine Mammal Protection Act (MMPA) to facilitate collecting and disseminating reference data on stranded marine mammals (cetaceans and pinnipeds, excluding walrus) and the health trends of marine mammal populations in the wild. The John H. Prescott Marine Mammal Rescue Assistance Grant Program is administered by NMFS to provide federal assistance to eligible members of the U.S. National Marine Mammal Stranding Network, the U.S. National Entanglement Respon",2026-10-06,2026-10-06
grants.gov,362303,F26AS00084 Aquatic Invasive Species Grants to Great Lakes Tribes - Fiscal Year 2026 Great Lakes Restoration Initiative,Fish and Wildlife Service,DOI-FWS,Cooperative agreement; Grant,posted,2026-05-07,2026-12-31,20000,100000,300000,Others (see listing); Unrestricted,Natural Resources,National,https://www.grants.gov/search-results-detail/362303,"Using appropriations to the Great Lakes Restoration Initiative (GLRI), the U.S. Fish and Wildlife Service (FWS) anticipates providing grants to support development and/or implementation of Great Lakes Tribal Aquatic Invasive Species Management Plans (Tribal AIS Plans). Therefore, a Tribal AIS Plan must be in place that supports the proposed work, or development of such a plan must be a part of the proposed work. All tribal grants will be awarded based on a competitive process for which only Great Lakes tribes or their designee are eligible.",2026-10-06,2026-10-06
grants.gov,362498,F26AS00085 Aquatic Invasive Species Interjurisdictional Grants to the Great Lakes States and Tribes - Fiscal Year 2026 Great Lakes Restoration Initiative,Fish and Wildlife Service,DOI-FWS,Cooperative agreement; Grant,posted,2026-05-20,2026-12-31,20000,923809,923809,Others (see listing); Unrestricted,Natural Resources,National,https://www.grants.gov/search-results-detail/362498,"Using appropriations to the Great Lakes Restoration Initiative (GLRI), the U.S. Fish and Wildlife Service (FWS) anticipates providing grants to support implementation of interjurisdictional projects that cut across state and tribal Great Lakes Interstate Aquatic Invasive Species Management Plans (AIS Plans). Grants will be awarded based on a competitive process for which only Great Lakes states and tribes (or their designee) are eligible. Funding will be prioritized towards target action-oriented projects that support Great Lakes Panel regional priorities and focus on pathway intervention, det",2026-10-06,2026-10-06
grants.gov,362749,F26AS00083 Aquatic Invasive Species Grants to Great Lakes States - Fiscal Year 2026 Great Lakes Restoration Initiative,Fish and Wildlife Service,DOI-FWS,Cooperative agreement; Grant,posted,2026-06-10,2026-12-31,100000,600000,3685238,Others (see listing); Unrestricted,Natural Resources,National,https://www.grants.gov/search-results-detail/362749,"Using appropriations to the Great Lakes Restoration Initiative (GLRI), the U.S. Fish and Wildlife Service (FWS) anticipates providing grants to support implementation of Great Lakes State Aquatic Invasive Species Management Plans (State AIS Plans). State AIS Plans have been transmitted by state governors and then approved by the Aquatic Nuisance Species Task Force. All state grants will be awarded based on a competitive process for which only Great Lakes states or their designee are eligible.",2026-10-06,2026-10-06
grants.gov,363729,SEFSC Bluefin Tuna Research Program,DOC NOAA - ERA Production,DOC-DOCNOAAERA,Cooperative agreement,posted,2026-08-27,2026-12-31,25000,300000,600000,State governments; County governments; City or township governments; Special district governments; Public and state controlled institutions of higher education; Native American tribal governments (federally recognized); Native American tribal organizations (other than federally recognized); Nonprofits with 501(c)(3) status; Nonprofits without 501(c)(3) status; Private institutions of higher education; Individuals; For-profit organizations other than small businesses; Small businesses; Others (see listing),Environment; Science and Technology,National,https://www.grants.gov/search-results-detail/363729,"The objective of the program is to provide a basis for advancing science-based fisheries management for Atlantic bluefin tuna. Such advancement will depend upon improvements in understanding of the fisheries, total abundance, and biology of bluefin tuna, especially regarding the effects of mixing and movement between the eastern and western Atlantic populations. Contracting Parties to the International Commission for the Conservation of Atlantic Tunas (ICCAT), of which the US is one, and other partners have embarked upon a multi-year research program on bluefin tuna as a step toward improving ",2026-10-06,2026-10-06
grants.gov,361080,ERDC Broad Agency Announcement,Engineer Research and Development Center,DOD-COE-ERDC,Cooperative agreement,posted,2026-01-02,2027-01-01,,999999999,,Unrestricted,Science and Technology,National,https://www.grants.gov/search-results-detail/361080,"The U.S. Army Corps of Engineers (USACE) Engineer Research and Development Center (ERDC) is issuing this announcement for various research and development topic areas. The ERDC consists of the Coastal and Hydraulics Laboratory (CHL), the Geotechnical and Structures Laboratory (GSL), the Environmental Laboratory (EL) and the Information Technology Laboratory (ITL) in Vicksburg, Mississippi, the Cold Regions Research and Engineering Laboratory (CRREL) in Hanover, New Hampshire, the Construction Engineering Research Laboratory (CERL) in Champaign, Illinois, and the Geospatial Research Laboratory ",2026-10-06,2026-10-06
grants.gov,363692,National Bycatch Reduction Engineering Program (BREP) - FY2026/27,DOC NOAA - ERA Production,DOC-DOCNOAAERA,Cooperative agreement,posted,2026-08-24,2027-01-22,50000,400000,4600000,State governments; County governments; City or township governments; Special district governments; Public and state controlled institutions of higher education; Native American tribal governments (federally recognized); Native American tribal organizations (other than federally recognized); Nonprofits with 501(c)(3) status; Nonprofits without 501(c)(3) status; Private institutions of higher education; Individuals; For-profit organizations other than small businesses; Small businesses; Others (see listing),Natural Resources; Science and Technology,National,https://www.grants.gov/search-results-detail/363692,"This grant program provides competitive grants to non-Federal researchers working to benefit U.S. fishermen and fisheries, including aquaculture, through the development of improved fishing practices and innovative gear technologies. The Magnuson-Stevens Fishery Conservation and Management Act, as amended (MSA), 16 U.S.C. 1865, requires that NOAA&#8217;s conservation and management measures minimize bycatch to the extent practicable and established the Bycatch Reduction Engineering Program (BREP) to support the development of technological devices and other conservation engineering changes to ",2026-10-06,2026-10-06
grants.gov,363699,F26AS00105 National Fish Passage Program,Fish and Wildlife Service,DOI-FWS,Cooperative agreement; Grant,posted,2026-08-24,2027-04-30,1,1000000,15000000,Unrestricted,Environment,National,https://www.grants.gov/search-results-detail/363699,"The National Fish Passage Program (NFPP) provides technical and financial assistance to partners to remove instream barriers and restore aquatic connectivity, improve community safety, and support local economies. Fish passage projects benefit communities by reducing flood risk, improving recreational opportunities, and improving roads while supporting native fish populations and aquatic ecosystems. NFPP project examples include obsolete and dangerous infrastructure removals, culvert replacements, floodplain restoration, and the installation of fishways. It is estimated that for every $1 milli",2026-10-06,2026-10-06
grants.gov,362034,2026 Alaska Marine Education and Training Mini-Grant Program,DOC NOAA - ERA Production,DOC-DOCNOAAERA,Cooperative agreement; Grant,posted,2026-04-23,2028-05-01,15000,75000,600000,State governments; County governments; City or township governments; Special district governments; Public and state controlled institutions of higher education; Native American tribal governments (federally recognized); Native American tribal organizations (other than federally recognized); Nonprofits with 501(c)(3) status; Nonprofits without 501(c)(3) status; Private institutions of higher education; Individuals; For-profit organizations other than small businesses; Small businesses; Others (see listing),Agriculture; Business and Commerce; Education; Environment; Food and Nutrition; Natural Resources; Science and Technology,National,https://www.grants.gov/search-results-detail/362034,"This announcement supports Executive Order 14276, Restoring America&#8217;s Seafood Competitiveness, by soliciting projects that support: workforce development for marine-related professions in marine science, aquaculture/mariculture, and maritime operations; enhancing seafood safety and management through training in seafood best practices, marketing, and fishery management; technological innovation in fishing practices; outreach and education for consumers on quality and sustainability of wild caught fish or products farmed through aquaculture/mariculture; enhanced regionally-specific manage",2026-10-06,2026-10-06
grants.gov,352845,F24AS00298 Cooperative Agriculture,Fish and Wildlife Service,DOI-FWS,Cooperative agreement,posted,2024-03-06,2029-03-07,,,,Individuals; Small businesses,Agriculture,National,https://www.grants.gov/search-results-detail/352845,"The objectives for the use of cooperative agriculture in the National Wildlife Refuge System (NWRS) are: production or modification of specific cover types or growing methods that meet the life history requirements of species for which we have established objectives (e.g., waterfowl production); production of foods for wildlife species for which we have established objectives; and/or maintenance, rehabilitation, or reestablishment of natural habitat. Cooperative agriculture is when a person or entity conducts agricultural practices on NWRS lands in support of the Service&#8217;s conservation a",2026-10-06,2026-10-06
grants.gov,363684,"Geosciences Core Research: Atmospheric, Geospace, Earth and Ocean Sciences (GEO Core)",U.S. National Science Foundation,NSF,Grant,posted,2026-08-21,2076-08-31,,,110000000,Unrestricted,Science and Technology,National,https://www.grants.gov/search-results-detail/363684,The NSF Geosciences Research solicitation supports foundational research projects that advance the frontiers of knowledge across all areas of the geosciences. This solicitation calls for proposals in three programs: Atmospheric and Geospace Sciences (AGS)&#8239;Program; Earth Sciences&#8239;(EAR) Program; and Ocean Sciences (OCE) Program. These programs support projects that expand the frontiers of knowledge in science and technology.&#8239;The programs encourage projects that advance research on Earth&#8217;s atmosphere and the near-Earth space environment; solid Earth sciences and Earth surf,2026-10-06,2026-10-06
